location_id,borough,zone,centroid_x,centroid_y,snapped_node_key_x,snapped_node_key_y,snapped_x,snapped_y,snap_distance
4,Manhattan,Alphabet City,990633.980643454,202959.78239162272,990690.7950985171,203052.4216872407,990690.7950985171,203052.4216872407,108.67346224682746
12,Manhattan,Battery Park,979934.7306241285,195378.97286201795,980078.8720614006,195423.871532549,980078.8720614006,195423.871532549,150.97233042619337
13,Manhattan,Battery Park City,979792.3310291712,198691.5254375643,979914.1001020737,198640.64309570685,979914.1001020737,198640.64309570685,131.97242071142634
24,Manhattan,Bloomingdale,993807.2716568436,231458.37605564596,994006.2977405328,231378.0669898051,994006.2977405328,231378.0669898051,214.61809812987167
41,Manhattan,Central Harlem,997734.6452347699,232321.290547906,997678.9188591002,232382.24826462942,997678.9188591002,232382.24826462942,82.59099329474539
42,Manhattan,Central Harlem North,1000643.6322593023,237395.8715478468,1000646.8068734921,237380.7789441875,1000646.8068734921,237380.7789441875,15.422868101304122
43,Manhattan,Central Park,993789.0096979336,224356.21221153712,993991.8885664203,224779.4308542396,993991.8885664203,224779.4308542396,469.33341539824244
45,Manhattan,Chinatown,984762.469283647,198844.63611675482,984808.2946643208,198945.4384636721,984808.2946643208,198945.4384636721,110.72975507028347
48,Manhattan,Clinton East,987063.1857042019,216986.07003418246,987057.8561720778,216982.84713680318,987057.8561720778,216982.84713680318,6.2282405363963935
50,Manhattan,Clinton West,985597.534388399,218437.8202849423,985736.9300916152,218310.8565170353,985736.9300916152,218310.8565170353,188.54962327271153
68,Manhattan,East Chelsea,984272.7786345114,211948.9124004859,984267.10356932,211941.71122924468,984267.10356932,211941.71122924468,9.168600338721292
74,Manhattan,East Harlem North,1001596.4821997061,231170.7231351315,1001501.9040249632,231163.38595151197,1001501.9040249632,231163.38595151197,94.86234975574644
75,Manhattan,East Harlem South,999272.1113850608,227103.75962498758,999304.0145459749,227195.11428765955,999304.0145459749,227195.11428765955,96.76510770014296
79,Manhattan,East Village,988147.6579915716,204368.50187544298,988325.6919930098,204361.59405901868,988325.6919930098,204361.59405901868,178.16796456108952
87,Manhattan,Financial District North,982171.7278875079,196785.9408440269,982104.029605124,196772.34115235522,982104.029605124,196772.34115235522,69.05077154737428
88,Manhattan,Financial District South,981057.2642995467,195528.9248000005,981034.2490329865,195564.2741093114,981034.2490329865,195564.2741093114,42.18146706311934
90,Manhattan,Flatiron,985089.2186531803,209708.7418478816,985078.9624373709,209693.37560160033,985078.9624373709,209693.37560160033,18.47461738454879
100,Manhattan,Garment District,987356.7623984256,213801.89033513595,987356.4187619473,213806.3667178167,987356.4187619473,213806.3667178167,4.48955319980008
104,Manhattan,Governor's Island/Ellis Island/Liberty Island,972944.8345518338,193859.36077553226,976765.3348624826,193312.05350760385,976765.3348624826,193312.05350760385,3859.5035780777494
105,Manhattan,Governor's Island/Ellis Island/Liberty Island,978960.5655101098,190219.6738759988,978972.6677853343,190226.16935283333,978972.6677853343,190226.16935283333,13.735220599538106
107,Manhattan,Gramercy,988669.5907159669,207721.84599831776,988715.1269715086,207680.11493121908,988715.1269715086,207680.11493121908,61.76594959972213
113,Manhattan,Greenwich Village North,985828.4212628047,206174.92383378567,985830.129073435,206027.3980892004,985830.129073435,206027.3980892004,147.53562936655354
114,Manhattan,Greenwich Village South,984976.1217468228,204630.60798813085,985048.4375469503,204846.90485155853,985048.4375469503,204846.90485155853,228.06557845656002
116,Manhattan,Hamilton Heights,998496.7141232643,240584.40968548536,998253.1925307676,240831.7473933916,998253.1925307676,240831.7473933916,347.100428931483
120,Manhattan,Highbridge Park,1003566.2603607555,247748.72753176547,1003569.9633376835,247751.69807733403,1003569.9633376835,247751.69807733403,4.747228570863713
125,Manhattan,Hudson Sq,982175.1477513816,203883.82011511616,982189.2860052341,203999.93438615656,982189.2860052341,203999.93438615656,116.97185200397463
127,Manhattan,Inwood,1006568.4872109158,254822.37005626204,1006378.0689132853,254723.90059094038,1006378.0689132853,254723.90059094038,214.3720216661482
128,Manhattan,Inwood Hill Park,1005166.5528618793,257117.89256401756,1005423.0640388078,257308.56907159887,1005423.0640388078,257308.56907159887,319.6177630117059
137,Manhattan,Kips Bay,990763.6157375486,209039.35389021187,990652.5889256493,208984.60480920624,990652.5889256493,208984.60480920624,123.79182053543302
140,Manhattan,Lenox Hill East,996787.6630516424,218166.43435262065,996797.8777152855,218191.82165772497,996797.8777152855,218191.82165772497,27.365208089883573
141,Manhattan,Lenox Hill West,995431.1975182528,218699.19272677804,995391.6860171156,218673.05089930704,995391.6860171156,218673.05089930704,47.37672282499039
142,Manhattan,Lincoln Square East,989365.0684747635,221132.7753492982,989353.5473016555,221124.44061500448,989353.5473016555,221124.44061500448,14.219888379725925
143,Manhattan,Lincoln Square West,987671.7097043255,221982.08549405652,987783.615813747,222003.97632750092,987783.615813747,222003.97632750092,114.02712797729433
144,Manhattan,Little Italy/NoLiTa,985104.1485250925,201915.7902762411,985154.6706858594,201872.96664244763,985154.6706858594,201872.96664244763,66.22954280253201
148,Manhattan,Lower East Side,986773.5460921936,201205.26489173816,986875.1173929889,201288.95198898856,986875.1173929889,201288.95198898856,131.6064564960512
151,Manhattan,Manhattan Valley,993063.3768612166,229997.64462564257,993226.1188554387,229966.13046899802,993226.1188554387,229966.13046899802,165.76519161870266
152,Manhattan,Manhattanville,997042.6288288619,237290.9067861568,997078.7907922486,237225.9774182959,997078.7907922486,237225.9774182959,74.3203229728995
153,Manhattan,Marble Hill,1009034.6862712658,258429.1415357122,1009014.5829362583,258435.67197228712,1009014.5829362583,258435.67197228712,21.13742369081895
158,Manhattan,Meatpacking/West Village West,981760.1630105713,207069.85524833892,981779.1244614586,206968.00197981435,981779.1244614586,206968.00197981435,103.60320906657942
161,Manhattan,Midtown Center,990428.5259896307,215447.5272238999,990440.1464981327,215408.06988365453,990440.1464981327,215408.06988365453,41.132929838316855
162,Manhattan,Midtown East,991908.5895674427,214959.58164218976,991906.4234139766,214893.43182353707,991906.4234139766,214893.43182353707,66.18527576902711
163,Manhattan,Midtown North,990463.795428988,217776.8824467348,990566.4060989012,217744.30258938565,990566.4060989012,217744.30258938565,107.65870464067969
164,Manhattan,Midtown South,988362.8334340784,212002.8930353048,988527.5320232012,211956.48839394905,988527.5320232012,211956.48839394905,171.11112178468508
166,Manhattan,Morningside Heights,994834.7872520887,234186.32687196054,994659.4066088556,234352.53659265136,994659.4066088556,234352.53659265136,241.6278983746871
170,Manhattan,Murray Hill,990209.6000628374,211701.31598082214,990127.2403550914,211681.94157205228,990127.2403550914,211681.94157205228,84.6078552805877
186,Manhattan,Penn Station/Madison Sq West,986345.3986002826,211974.4462185278,986338.1528057947,211967.4561062674,986338.1528057947,211967.4561062674,10.067929636898004
194,Manhattan,Randalls Island,1005129.3426640312,227468.71626549485,1004983.5650335762,227606.09054762495,1004983.5650335762,227606.09054762495,200.30679202620098
202,Manhattan,Roosevelt Island,998114.2657032622,216861.1622839399,998176.3185781987,216857.13820522194,998176.3185781987,216857.13820522194,62.183217168395615
209,Manhattan,Seaport,983234.0457177354,197610.8235766767,983148.8579769651,197487.36775264307,983148.8579769651,197487.36775264307,149.99430544312412
211,Manhattan,SoHo,983823.8071189568,203008.49133349792,983937.2453606363,203112.9020952305,983937.2453606363,203112.9020952305,154.17471206687446
224,Manhattan,Stuy Town/Peter Cooper Village,990735.9402968985,205899.41753040857,990612.8194713001,205866.627495053,990612.8194713001,205866.627495053,127.41241742719966
229,Manhattan,Sutton Place/Turtle Bay North,993906.172303669,214975.36687642592,994133.1482816068,214851.90307137216,994133.1482816068,214851.90307137216,258.38228600114445
230,Manhattan,Times Sq/Theatre District,988628.0600457706,216099.13976819027,988634.034304275,216110.8999879906,988634.034304275,216110.8999879906,13.190698784690273
231,Manhattan,TriBeCa/Civic Center,982065.7013859933,200780.5404273566,982160.6214817391,200742.95217149297,982160.6214817391,200742.95217149297,102.09163313056801
232,Manhattan,Two Bridges/Seward Park,988955.8875207301,199673.27702510695,988962.2132490554,199713.88276679837,988962.2132490554,199713.88276679837,41.09551188580347
233,Manhattan,UN/Turtle Bay South,992439.5608765966,212491.93584201983,992576.8258392861,212434.18434571996,992576.8258392861,212434.18434571996,148.9191233758094
234,Manhattan,Union Sq,986894.2367953612,209001.62663024908,986877.2728109873,208977.05471085777,986877.2728109873,208977.05471085777,29.858934817051743
236,Manhattan,Upper East Side North,996155.3867664873,223613.7535761809,996103.2855655822,223522.45147925575,996103.2855655822,223522.45147925575,105.12187231341468
237,Manhattan,Upper East Side South,993769.0237141158,219305.827825634,993752.4304266308,219282.85956643074,993752.4304266308,219282.85956643074,28.33510403000275
238,Manhattan,Upper West Side North,991712.7644430182,227717.51805940425,991575.0457757588,227846.42638754542,991575.0457757588,227846.42638754542,188.6366570310995
239,Manhattan,Upper West Side South,990167.4982920033,224895.87216485172,990390.2644396736,224851.34336157033,990390.2644396736,224851.34336157033,227.17299766819886
243,Manhattan,Washington Heights North,1002830.5879862525,251552.22868923834,1002885.706748094,251412.47600475466,1002885.706748094,251412.47600475466,150.2294602510749
244,Manhattan,Washington Heights South,1000464.3110465184,245939.8806584463,1000220.449357613,246105.19246539992,1000220.449357613,246105.19246539992,294.61248587604985
246,Manhattan,West Chelsea/Hudson Yards,983137.4661049042,213727.4000807691,983190.674899495,213712.87933526613,983190.674899495,213712.87933526613,55.15458160267366
249,Manhattan,West Village,983453.2246479206,206902.40799519923,983426.6425533949,206787.53098332742,983426.6425533949,206787.53098332742,117.91240649723129
261,Manhattan,World Trade Center,980639.5117707981,197635.17370314812,980622.7832543881,197641.13046688997,980622.7832543881,197641.13046688997,17.757429305940924
262,Manhattan,Yorkville East,999064.7250831138,221974.4007879432,998895.0854172563,221976.40163177563,998895.0854172563,221976.40163177563,169.65146509317267
263,Manhattan,Yorkville West,997817.9196590832,223005.98840900668,997751.7405593426,222930.66802331884,997751.7405593426,222930.66802331884,100.26382070644156
